filepath,label
archive\rock\rock_61.png,rock
archive\scissors\scissors_337.png,scissors
archive\scissors\scissors_618.png,scissors
archive\scissors\scissors_438.png,scissors
archive\paper\paper_116.png,paper
archive\rock\rock_40.png,rock
archive\rock\rock_906.png,rock
archive\paper\paper_50.png,paper
archive\scissors\scissors_278.png,scissors
archive\scissors\scissors_261.png,scissors
archive\paper\paper_375.png,paper
archive\paper\paper_775.png,paper
archive\paper\paper_659.png,paper
archive\rock\rock_78.png,rock
archive\rock\rock_93.png,rock
archive\scissors\scissors_94.png,scissors
archive\scissors\scissors_78.png,scissors
archive\paper\paper_727.png,paper
archive\rock\rock_543.png,rock
archive\scissors\scissors_443.png,scissors
archive\rock\rock_732.png,rock
archive\rock\rock_813.png,rock
archive\paper\paper_266.png,paper
archive\scissors\scissors_275.png,scissors
archive\scissors\scissors_556.png,scissors
archive\scissors\scissors_70.png,scissors
archive\paper\paper_876.png,paper
archive\rock\rock_707.png,rock
archive\scissors\scissors_104.png,scissors
archive\scissors\scissors_607.png,scissors
archive\rock\rock_547.png,rock
archive\rock\rock_884.png,rock
archive\paper\paper_644.png,paper
archive\scissors\scissors_233.png,scissors
archive\paper\paper_357.png,paper
archive\scissors\scissors_403.png,scissors
archive\paper\paper_129.png,paper
archive\rock\rock_187.png,rock
archive\paper\paper_693.png,paper
archive\paper\paper_827.png,paper
archive\rock\rock_357.png,rock
archive\rock\rock_145.png,rock
archive\paper\paper_480.png,paper
archive\scissors\scissors_761.png,scissors
archive\paper\paper_582.png,paper
archive\paper\paper_656.png,paper
archive\scissors\scissors_777.png,scissors
archive\paper\paper_332.png,paper
archive\scissors\scissors_325.png,scissors
archive\scissors\scissors_501.png,scissors
archive\scissors\scissors_459.png,scissors
archive\scissors\scissors_632.png,scissors
archive\scissors\scissors_236.png,scissors
archive\rock\rock_497.png,rock
archive\scissors\scissors_518.png,scissors
archive\scissors\scissors_479.png,scissors
archive\paper\paper_651.png,paper
archive\paper\paper_721.png,paper
archive\scissors\scissors_621.png,scissors
archive\paper\paper_193.png,paper
archive\paper\paper_164.png,paper
archive\paper\paper_486.png,paper
archive\rock\rock_294.png,rock
archive\paper\paper_735.png,paper
archive\scissors\scissors_164.png,scissors
archive\scissors\scissors_470.png,scissors
archive\paper\paper_545.png,paper
archive\paper\paper_905.png,paper
archive\paper\paper_287.png,paper
archive\paper\paper_312.png,paper
archive\paper\paper_32.png,paper
archive\rock\rock_420.png,rock
archive\paper\paper_453.png,paper
archive\paper\paper_779.png,paper
archive\paper\paper_898.png,paper
archive\paper\paper_628.png,paper
archive\paper\paper_684.png,paper
archive\rock\rock_232.png,rock
archive\paper\paper_845.png,paper
archive\scissors\scissors_467.png,scissors
archive\scissors\scissors_745.png,scissors
archive\rock\rock_683.png,rock
archive\rock\rock_289.png,rock
archive\paper\paper_667.png,paper
archive\scissors\scissors_789.png,scissors
archive\paper\paper_283.png,paper
archive\scissors\scissors_440.png,scissors
archive\paper\paper_863.png,paper
archive\scissors\scissors_378.png,scissors
archive\paper\paper_833.png,paper
archive\scissors\scissors_406.png,scissors
archive\scissors\scissors_849.png,scissors
archive\paper\paper_740.png,paper
archive\scissors\scissors_605.png,scissors
archive\scissors\scissors_800.png,scissors
archive\scissors\scissors_809.png,scissors
archive\scissors\scissors_898.png,scissors
archive\rock\rock_692.png,rock
archive\scissors\scissors_534.png,scissors
archive\paper\paper_515.png,paper
archive\scissors\scissors_417.png,scissors
archive\rock\rock_238.png,rock
archive\scissors\scissors_540.png,scissors
archive\rock\rock_899.png,rock
archive\rock\rock_371.png,rock
archive\scissors\scissors_820.png,scissors
archive\paper\paper_432.png,paper
archive\paper\paper_1.png,paper
archive\rock\rock_125.png,rock
archive\paper\paper_336.png,paper
archive\paper\paper_733.png,paper
archive\paper\paper_510.png,paper
archive\rock\rock_444.png,rock
archive\scissors\scissors_869.png,scissors
archive\paper\paper_343.png,paper
archive\paper\paper_530.png,paper
archive\paper\paper_809.png,paper
archive\rock\rock_676.png,rock
archive\scissors\scissors_192.png,scissors
archive\rock\rock_718.png,rock
archive\paper\paper_143.png,paper
archive\rock\rock_74.png,rock
archive\paper\paper_688.png,paper
archive\paper\paper_621.png,paper
archive\scissors\scissors_389.png,scissors
archive\paper\paper_670.png,paper
archive\scissors\scissors_500.png,scissors
archive\scissors\scissors_418.png,scissors
archive\paper\paper_561.png,paper
archive\paper\paper_594.png,paper
archive\rock\rock_46.png,rock
archive\paper\paper_85.png,paper
archive\scissors\scissors_318.png,scissors
archive\scissors\scissors_680.png,scissors
archive\paper\paper_275.png,paper
archive\rock\rock_27.png,rock
archive\rock\rock_12.png,rock
archive\rock\rock_235.png,rock
archive\paper\paper_643.png,paper
archive\rock\rock_298.png,rock
archive\rock\rock_573.png,rock
archive\scissors\scissors_485.png,scissors
archive\rock\rock_855.png,rock
archive\scissors\scissors_831.png,scissors
archive\scissors\scissors_231.png,scissors
archive\scissors\scissors_551.png,scissors
archive\paper\paper_324.png,paper
archive\rock\rock_535.png,rock
archive\paper\paper_81.png,paper
archive\rock\rock_123.png,rock
archive\rock\rock_818.png,rock
archive\rock\rock_530.png,rock
archive\rock\rock_378.png,rock
archive\rock\rock_730.png,rock
archive\rock\rock_583.png,rock
archive\paper\paper_384.png,paper
archive\rock\rock_397.png,rock
archive\rock\rock_153.png,rock
archive\scissors\scissors_861.png,scissors
archive\scissors\scissors_900.png,scissors
archive\paper\paper_458.png,paper
archive\paper\paper_337.png,paper
archive\rock\rock_617.png,rock
archive\scissors\scissors_349.png,scissors
archive\paper\paper_48.png,paper
archive\rock\rock_73.png,rock
archive\scissors\scissors_257.png,scissors
archive\paper\paper_893.png,paper
archive\paper\paper_37.png,paper
archive\rock\rock_77.png,rock
archive\scissors\scissors_522.png,scissors
archive\paper\paper_198.png,paper
archive\rock\rock_30.png,rock
archive\paper\paper_618.png,paper
archive\scissors\scissors_642.png,scissors
archive\scissors\scissors_590.png,scissors
archive\paper\paper_610.png,paper
archive\scissors\scissors_410.png,scissors
archive\scissors\scissors_739.png,scissors
archive\paper\paper_587.png,paper
archive\paper\paper_707.png,paper
archive\paper\paper_732.png,paper
archive\scissors\scissors_299.png,scissors
archive\paper\paper_144.png,paper
archive\scissors\scissors_61.png,scissors
archive\paper\paper_273.png,paper
archive\scissors\scissors_119.png,scissors
archive\paper\paper_522.png,paper
archive\scissors\scissors_332.png,scissors
archive\rock\rock_9.png,rock
archive\paper\paper_878.png,paper
archive\paper\paper_410.png,paper
archive\paper\paper_498.png,paper
archive\scissors\scissors_136.png,scissors
archive\paper\paper_424.png,paper
archive\scissors\scissors_841.png,scissors
archive\paper\paper_487.png,paper
archive\scissors\scissors_684.png,scissors
archive\rock\rock_759.png,rock
archive\paper\paper_36.png,paper
archive\scissors\scissors_303.png,scissors
archive\paper\paper_299.png,paper
archive\rock\rock_753.png,rock
archive\rock\rock_525.png,rock
archive\scissors\scissors_847.png,scissors
archive\paper\paper_576.png,paper
archive\paper\paper_212.png,paper
archive\paper\paper_852.png,paper
archive\rock\rock_302.png,rock
archive\rock\rock_470.png,rock
archive\paper\paper_120.png,paper
archive\rock\rock_585.png,rock
archive\paper\paper_860.png,paper
archive\paper\paper_158.png,paper
archive\scissors\scissors_726.png,scissors
archive\rock\rock_367.png,rock
archive\scissors\scissors_829.png,scissors
archive\rock\rock_716.png,rock
archive\scissors\scissors_147.png,scissors
archive\paper\paper_238.png,paper
archive\paper\paper_696.png,paper
archive\paper\paper_468.png,paper
archive\paper\paper_323.png,paper
archive\rock\rock_43.png,rock
archive\rock\rock_110.png,rock
archive\paper\paper_112.png,paper
archive\paper\paper_622.png,paper
archive\rock\rock_242.png,rock
archive\rock\rock_699.png,rock
archive\scissors\scissors_59.png,scissors
archive\paper\paper_815.png,paper
archive\scissors\scissors_690.png,scissors
archive\scissors\scissors_708.png,scissors
archive\scissors\scissors_832.png,scissors
archive\paper\paper_204.png,paper
archive\scissors\scissors_446.png,scissors
archive\scissors\scissors_213.png,scissors
archive\scissors\scissors_340.png,scissors
archive\scissors\scissors_581.png,scissors
archive\paper\paper_355.png,paper
archive\scissors\scissors_455.png,scissors
archive\scissors\scissors_149.png,scissors
archive\scissors\scissors_159.png,scissors
archive\rock\rock_8.png,rock
archive\rock\rock_673.png,rock
archive\scissors\scissors_430.png,scissors
archive\scissors\scissors_65.png,scissors
archive\paper\paper_139.png,paper
archive\rock\rock_595.png,rock
archive\rock\rock_478.png,rock
archive\paper\paper_186.png,paper
archive\rock\rock_449.png,rock
archive\paper\paper_19.png,paper
archive\scissors\scissors_173.png,scissors
archive\scissors\scissors_134.png,scissors
archive\rock\rock_690.png,rock
archive\rock\rock_834.png,rock
archive\paper\paper_842.png,paper
archive\paper\paper_390.png,paper
archive\rock\rock_171.png,rock
archive\paper\paper_218.png,paper
archive\rock\rock_83.png,rock
archive\scissors\scissors_188.png,scissors
archive\rock\rock_608.png,rock
archive\scissors\scissors_382.png,scissors
archive\scissors\scissors_338.png,scissors
archive\scissors\scissors_135.png,scissors
archive\scissors\scissors_111.png,scissors
archive\scissors\scissors_449.png,scissors
archive\scissors\scissors_473.png,scissors
archive\rock\rock_168.png,rock
archive\paper\paper_495.png,paper
archive\paper\paper_580.png,paper
archive\paper\paper_485.png,paper
archive\paper\paper_351.png,paper
archive\rock\rock_35.png,rock
archive\rock\rock_776.png,rock
archive\paper\paper_153.png,paper
archive\rock\rock_278.png,rock
archive\scissors\scissors_615.png,scissors
archive\paper\paper_100.png,paper
archive\rock\rock_531.png,rock
archive\paper\paper_601.png,paper
archive\paper\paper_179.png,paper
archive\scissors\scissors_187.png,scissors
archive\rock\rock_643.png,rock
archive\paper\paper_894.png,paper
archive\rock\rock_892.png,rock
archive\paper\paper_174.png,paper
archive\scissors\scissors_156.png,scissors
archive\scissors\scissors_124.png,scissors
archive\paper\paper_352.png,paper
archive\scissors\scissors_645.png,scissors
archive\rock\rock_746.png,rock
archive\scissors\scissors_839.png,scissors
archive\scissors\scissors_276.png,scissors
archive\paper\paper_718.png,paper
archive\scissors\scissors_674.png,scissors
archive\paper\paper_389.png,paper
archive\scissors\scissors_148.png,scissors
archive\paper\paper_466.png,paper
archive\rock\rock_873.png,rock
archive\scissors\scissors_312.png,scissors
archive\rock\rock_189.png,rock
archive\paper\paper_743.png,paper
archive\paper\paper_182.png,paper
archive\rock\rock_106.png,rock
archive\scissors\scissors_251.png,scissors
archive\paper\paper_4.png,paper
archive\rock\rock_900.png,rock
archive\scissors\scissors_210.png,scissors
archive\scissors\scissors_36.png,scissors
archive\paper\paper_547.png,paper
archive\rock\rock_159.png,rock
archive\rock\rock_320.png,rock
archive\rock\rock_600.png,rock
archive\paper\paper_86.png,paper
archive\rock\rock_37.png,rock
archive\rock\rock_871.png,rock
archive\rock\rock_641.png,rock
archive\paper\paper_518.png,paper
archive\scissors\scissors_270.png,scissors
archive\rock\rock_859.png,rock
archive\rock\rock_182.png,rock
archive\paper\paper_478.png,paper
archive\rock\rock_427.png,rock
archive\paper\paper_597.png,paper
archive\paper\paper_631.png,paper
archive\scissors\scissors_42.png,scissors
archive\scissors\scissors_738.png,scissors
archive\rock\rock_339.png,rock
archive\rock\rock_579.png,rock
archive\rock\rock_409.png,rock
archive\paper\paper_127.png,paper
archive\scissors\scissors_16.png,scissors
archive\scissors\scissors_391.png,scissors
archive\scissors\scissors_67.png,scissors
archive\rock\rock_321.png,rock
archive\rock\rock_263.png,rock
archive\scissors\scissors_587.png,scissors
archive\rock\rock_126.png,rock
archive\paper\paper_95.png,paper
archive\rock\rock_735.png,rock
archive\rock\rock_502.png,rock
archive\rock\rock_248.png,rock
archive\scissors\scissors_696.png,scissors
archive\scissors\scissors_46.png,scissors
archive\scissors\scissors_574.png,scissors
archive\scissors\scissors_288.png,scissors
archive\scissors\scissors_55.png,scissors
archive\scissors\scissors_383.png,scissors
archive\paper\paper_257.png,paper
archive\paper\paper_52.png,paper
archive\scissors\scissors_351.png,scissors
archive\rock\rock_16.png,rock
archive\paper\paper_65.png,paper
archive\rock\rock_222.png,rock
archive\rock\rock_82.png,rock
archive\paper\paper_380.png,paper
archive\paper\paper_654.png,paper
archive\scissors\scissors_784.png,scissors
archive\scissors\scissors_269.png,scissors
archive\scissors\scissors_875.png,scissors
archive\rock\rock_835.png,rock
archive\scissors\scissors_260.png,scissors
archive\rock\rock_436.png,rock
archive\paper\paper_464.png,paper
archive\scissors\scissors_610.png,scissors
archive\paper\paper_907.png,paper
archive\rock\rock_820.png,rock
archive\paper\paper_470.png,paper
archive\paper\paper_12.png,paper
archive\rock\rock_269.png,rock
archive\scissors\scissors_366.png,scissors
archive\paper\paper_685.png,paper
archive\scissors\scissors_705.png,scissors
archive\rock\rock_764.png,rock
archive\paper\paper_588.png,paper
archive\paper\paper_629.png,paper
archive\paper\paper_159.png,paper
archive\scissors\scissors_635.png,scissors
archive\paper\paper_760.png,paper
archive\rock\rock_895.png,rock
archive\rock\rock_76.png,rock
archive\scissors\scissors_675.png,scissors
archive\scissors\scissors_384.png,scissors
archive\rock\rock_532.png,rock
archive\scissors\scissors_862.png,scissors
archive\paper\paper_640.png,paper
archive\rock\rock_489.png,rock
archive\paper\paper_103.png,paper
archive\scissors\scissors_881.png,scissors
archive\scissors\scissors_461.png,scissors
archive\scissors\scissors_387.png,scissors
archive\paper\paper_11.png,paper
archive\paper\paper_897.png,paper
archive\paper\paper_455.png,paper
archive\paper\paper_581.png,paper
archive\rock\rock_577.png,rock
archive\scissors\scissors_639.png,scissors
archive\scissors\scissors_613.png,scissors
archive\rock\rock_877.png,rock
archive\paper\paper_140.png,paper
archive\paper\paper_761.png,paper
archive\scissors\scissors_704.png,scissors
archive\paper\paper_51.png,paper
archive\rock\rock_646.png,rock
archive\paper\paper_637.png,paper
archive\rock\rock_879.png,rock
archive\scissors\scissors_883.png,scissors
archive\paper\paper_517.png,paper
archive\paper\paper_322.png,paper
archive\rock\rock_28.png,rock
archive\paper\paper_748.png,paper
archive\paper\paper_419.png,paper
archive\paper\paper_791.png,paper
archive\paper\paper_525.png,paper
archive\rock\rock_674.png,rock
archive\paper\paper_310.png,paper
archive\scissors\scissors_450.png,scissors
archive\paper\paper_364.png,paper
archive\rock\rock_379.png,rock
archive\paper\paper_788.png,paper
archive\rock\rock_374.png,rock
archive\paper\paper_25.png,paper
archive\rock\rock_56.png,rock
archive\scissors\scissors_510.png,scissors
archive\rock\rock_391.png,rock
archive\scissors\scissors_689.png,scissors
archive\rock\rock_886.png,rock
archive\paper\paper_221.png,paper
archive\paper\paper_776.png,paper
archive\scissors\scissors_193.png,scissors
archive\scissors\scissors_790.png,scissors
archive\paper\paper_66.png,paper
archive\paper\paper_626.png,paper
archive\scissors\scissors_336.png,scissors
archive\rock\rock_486.png,rock
archive\rock\rock_448.png,rock
archive\rock\rock_252.png,rock
archive\scissors\scissors_209.png,scissors
archive\rock\rock_330.png,rock
archive\rock\rock_23.png,rock
archive\rock\rock_19.png,rock
archive\scissors\scissors_859.png,scissors
archive\paper\paper_49.png,paper
archive\scissors\scissors_901.png,scissors
archive\rock\rock_536.png,rock
archive\rock\rock_59.png,rock
archive\rock\rock_633.png,rock
archive\paper\paper_31.png,paper
archive\scissors\scissors_199.png,scissors
archive\paper\paper_428.png,paper
archive\paper\paper_641.png,paper
archive\scissors\scissors_2.png,scissors
archive\paper\paper_437.png,paper
archive\scissors\scissors_836.png,scissors
archive\paper\paper_783.png,paper
archive\scissors\scissors_307.png,scissors
archive\rock\rock_586.png,rock
archive\scissors\scissors_433.png,scissors
archive\paper\paper_125.png,paper
archive\scissors\scissors_20.png,scissors
archive\paper\paper_138.png,paper
archive\scissors\scissors_15.png,scissors
archive\scissors\scissors_852.png,scissors
archive\paper\paper_442.png,paper
archive\paper\paper_492.png,paper
archive\paper\paper_449.png,paper
archive\rock\rock_869.png,rock
archive\rock\rock_287.png,rock
archive\paper\paper_379.png,paper
archive\scissors\scissors_509.png,scissors
archive\scissors\scissors_661.png,scissors
archive\scissors\scissors_198.png,scissors
archive\rock\rock_857.png,rock
archive\rock\rock_652.png,rock
archive\paper\paper_237.png,paper
archive\paper\paper_15.png,paper
archive\rock\rock_483.png,rock
archive\rock\rock_898.png,rock
archive\paper\paper_806.png,paper
archive\rock\rock_195.png,rock
archive\rock\rock_375.png,rock
archive\rock\rock_109.png,rock
archive\paper\paper_91.png,paper
archive\rock\rock_589.png,rock
archive\rock\rock_584.png,rock
archive\paper\paper_813.png,paper
archive\paper\paper_154.png,paper
archive\paper\paper_307.png,paper
archive\rock\rock_894.png,rock
archive\scissors\scissors_24.png,scissors
archive\paper\paper_347.png,paper
archive\rock\rock_539.png,rock
archive\paper\paper_369.png,paper
archive\paper\paper_61.png,paper
archive\scissors\scissors_258.png,scissors
archive\scissors\scissors_691.png,scissors
archive\rock\rock_657.png,rock
archive\rock\rock_131.png,rock
archive\scissors\scissors_685.png,scissors
archive\paper\paper_766.png,paper
archive\scissors\scissors_180.png,scissors
archive\rock\rock_755.png,rock
archive\paper\paper_272.png,paper
archive\scissors\scissors_112.png,scissors
archive\paper\paper_663.png,paper
archive\rock\rock_854.png,rock
archive\rock\rock_191.png,rock
archive\rock\rock_669.png,rock
archive\scissors\scissors_737.png,scissors
archive\rock\rock_567.png,rock
archive\rock\rock_508.png,rock
archive\rock\rock_734.png,rock
archive\scissors\scissors_185.png,scissors
archive\rock\rock_792.png,rock
archive\paper\paper_47.png,paper
archive\rock\rock_883.png,rock
archive\rock\rock_542.png,rock
archive\scissors\scissors_536.png,scissors
archive\rock\rock_48.png,rock
archive\paper\paper_425.png,paper
archive\scissors\scissors_328.png,scissors
archive\paper\paper_70.png,paper
archive\rock\rock_748.png,rock
archive\scissors\scissors_669.png,scissors
archive\rock\rock_128.png,rock
archive\scissors\scissors_421.png,scissors
archive\paper\paper_394.png,paper
archive\scissors\scissors_734.png,scissors
archive\paper\paper_53.png,paper
archive\paper\paper_403.png,paper
archive\paper\paper_119.png,paper
archive\paper\paper_668.png,paper
archive\paper\paper_263.png,paper
archive\paper\paper_203.png,paper
archive\scissors\scissors_591.png,scissors
archive\rock\rock_22.png,rock
archive\scissors\scissors_527.png,scissors
archive\rock\rock_290.png,rock
archive\scissors\scissors_296.png,scissors
archive\rock\rock_507.png,rock
archive\scissors\scissors_319.png,scissors
archive\rock\rock_208.png,rock
archive\rock\rock_856.png,rock
archive\rock\rock_568.png,rock
archive\rock\rock_113.png,rock
archive\rock\rock_509.png,rock
archive\rock\rock_808.png,rock
archive\paper\paper_23.png,paper
archive\scissors\scissors_250.png,scissors
archive\scissors\scissors_460.png,scissors
archive\paper\paper_672.png,paper
archive\rock\rock_94.png,rock
archive\scissors\scissors_355.png,scissors
archive\rock\rock_180.png,rock
archive\scissors\scissors_810.png,scissors
archive\rock\rock_36.png,rock
archive\scissors\scissors_752.png,scissors
archive\scissors\scissors_128.png,scissors
archive\rock\rock_150.png,rock
archive\paper\paper_456.png,paper
archive\paper\paper_800.png,paper
archive\rock\rock_770.png,rock
archive\scissors\scissors_226.png,scissors
archive\rock\rock_459.png,rock
archive\paper\paper_431.png,paper
archive\rock\rock_845.png,rock
archive\rock\rock_272.png,rock
archive\scissors\scissors_612.png,scissors
archive\paper\paper_887.png,paper
archive\rock\rock_118.png,rock
archive\scissors\scissors_221.png,scissors
archive\paper\paper_225.png,paper
archive\rock\rock_504.png,rock
archive\rock\rock_188.png,rock
archive\scissors\scissors_244.png,scissors
archive\rock\rock_139.png,rock
archive\scissors\scissors_141.png,scissors
archive\paper\paper_349.png,paper
archive\rock\rock_706.png,rock
archive\rock\rock_112.png,rock
archive\rock\rock_788.png,rock
archive\scissors\scissors_495.png,scissors
archive\paper\paper_374.png,paper
archive\paper\paper_851.png,paper
archive\scissors\scissors_622.png,scissors
archive\scissors\scissors_817.png,scissors
archive\rock\rock_342.png,rock
archive\paper\paper_822.png,paper
archive\paper\paper_805.png,paper
archive\paper\paper_562.png,paper
archive\rock\rock_651.png,rock
archive\paper\paper_169.png,paper
archive\scissors\scissors_671.png,scissors
archive\rock\rock_500.png,rock
archive\rock\rock_132.png,rock
archive\scissors\scissors_517.png,scissors
archive\rock\rock_803.png,rock
archive\rock\rock_780.png,rock
archive\rock\rock_210.png,rock
archive\paper\paper_840.png,paper
archive\rock\rock_214.png,rock
archive\rock\rock_793.png,rock
archive\scissors\scissors_526.png,scissors
archive\rock\rock_237.png,rock
archive\paper\paper_311.png,paper
archive\rock\rock_574.png,rock
archive\paper\paper_67.png,paper
archive\paper\paper_634.png,paper
archive\paper\paper_99.png,paper
archive\paper\paper_59.png,paper
archive\scissors\scissors_603.png,scissors
archive\scissors\scissors_89.png,scissors
archive\rock\rock_843.png,rock
archive\scissors\scissors_493.png,scissors
archive\scissors\scissors_531.png,scissors
archive\scissors\scissors_321.png,scissors
archive\paper\paper_704.png,paper
archive\scissors\scissors_566.png,scissors
archive\scissors\scissors_222.png,scissors
archive\scissors\scissors_122.png,scissors
archive\paper\paper_903.png,paper
archive\rock\rock_484.png,rock
archive\scissors\scissors_69.png,scissors
archive\scissors\scissors_541.png,scissors
archive\paper\paper_405.png,paper
archive\rock\rock_893.png,rock
archive\scissors\scissors_821.png,scissors
archive\rock\rock_431.png,rock
archive\scissors\scissors_73.png,scissors
archive\scissors\scissors_498.png,scissors
archive\rock\rock_797.png,rock
archive\rock\rock_581.png,rock
archive\rock\rock_351.png,rock
archive\scissors\scissors_326.png,scissors
archive\scissors\scissors_191.png,scissors
archive\rock\rock_418.png,rock
archive\paper\paper_835.png,paper
archive\scissors\scissors_805.png,scissors
archive\scissors\scissors_161.png,scissors
archive\paper\paper_679.png,paper
archive\scissors\scissors_402.png,scissors
archive\rock\rock_810.png,rock
archive\rock\rock_162.png,rock
archive\scissors\scissors_589.png,scissors
archive\scissors\scissors_342.png,scissors
archive\rock\rock_816.png,rock
archive\rock\rock_632.png,rock
archive\scissors\scissors_770.png,scissors
archive\paper\paper_105.png,paper
archive\paper\paper_501.png,paper
archive\rock\rock_717.png,rock
archive\scissors\scissors_453.png,scissors
archive\scissors\scissors_308.png,scissors
archive\rock\rock_456.png,rock
archive\scissors\scissors_232.png,scissors
archive\scissors\scissors_43.png,scissors
archive\rock\rock_878.png,rock
archive\paper\paper_578.png,paper
archive\scissors\scissors_733.png,scissors
archive\scissors\scissors_431.png,scissors
archive\rock\rock_580.png,rock
archive\rock\rock_686.png,rock
archive\paper\paper_233.png,paper
archive\paper\paper_339.png,paper
archive\paper\paper_296.png,paper
archive\rock\rock_39.png,rock
archive\scissors\scissors_219.png,scissors
archive\scissors\scissors_614.png,scissors
archive\paper\paper_555.png,paper
archive\rock\rock_830.png,rock
archive\rock\rock_270.png,rock
archive\scissors\scissors_30.png,scissors
archive\scissors\scissors_808.png,scissors
archive\rock\rock_708.png,rock
archive\rock\rock_610.png,rock
archive\scissors\scissors_291.png,scissors
archive\paper\paper_902.png,paper
archive\paper\paper_190.png,paper
archive\scissors\scissors_537.png,scissors
archive\paper\paper_560.png,paper
archive\paper\paper_400.png,paper
archive\paper\paper_87.png,paper
archive\paper\paper_726.png,paper
archive\rock\rock_47.png,rock
archive\paper\paper_121.png,paper
archive\paper\paper_126.png,paper
archive\scissors\scissors_513.png,scissors
archive\rock\rock_398.png,rock
archive\scissors\scissors_504.png,scissors
archive\rock\rock_314.png,rock
archive\paper\paper_690.png,paper
archive\scissors\scissors_169.png,scissors
archive\rock\rock_130.png,rock
archive\rock\rock_488.png,rock
archive\scissors\scissors_742.png,scissors
archive\rock\rock_246.png,rock
archive\rock\rock_137.png,rock
archive\rock\rock_69.png,rock
archive\paper\paper_177.png,paper
archive\rock\rock_332.png,rock
archive\rock\rock_593.png,rock
archive\paper\paper_62.png,paper
archive\paper\paper_614.png,paper
archive\scissors\scissors_525.png,scissors
archive\rock\rock_334.png,rock
archive\paper\paper_227.png,paper
archive\rock\rock_495.png,rock
archive\scissors\scissors_274.png,scissors
archive\paper\paper_5.png,paper
archive\rock\rock_51.png,rock
archive\scissors\scissors_575.png,scissors
archive\scissors\scissors_184.png,scissors
archive\scissors\scissors_114.png,scissors
archive\scissors\scissors_186.png,scissors
archive\rock\rock_445.png,rock
archive\paper\paper_94.png,paper
archive\paper\paper_635.png,paper
archive\scissors\scissors_27.png,scissors
archive\paper\paper_407.png,paper
archive\paper\paper_572.png,paper
archive\paper\paper_467.png,paper
archive\rock\rock_226.png,rock
archive\scissors\scissors_129.png,scissors
archive\rock\rock_2.png,rock
archive\rock\rock_6.png,rock
archive\paper\paper_723.png,paper
archive\paper\paper_892.png,paper
archive\scissors\scissors_93.png,scissors
archive\scissors\scissors_553.png,scissors
archive\scissors\scissors_889.png,scissors
archive\rock\rock_626.png,rock
archive\paper\paper_382.png,paper
archive\scissors\scissors_595.png,scissors
archive\scissors\scissors_538.png,scissors
archive\rock\rock_757.png,rock
archive\paper\paper_500.png,paper
archive\paper\paper_734.png,paper
archive\scissors\scissors_701.png,scissors
archive\rock\rock_316.png,rock
archive\paper\paper_376.png,paper
archive\scissors\scissors_131.png,scissors
archive\scissors\scissors_723.png,scissors
archive\scissors\scissors_262.png,scissors
archive\scissors\scissors_425.png,scissors
archive\rock\rock_711.png,rock
archive\paper\paper_433.png,paper
archive\rock\rock_747.png,rock
archive\paper\paper_220.png,paper
archive\rock\rock_255.png,rock
archive\rock\rock_629.png,rock
archive\scissors\scissors_248.png,scissors
archive\scissors\scissors_309.png,scissors
archive\rock\rock_89.png,rock
archive\scissors\scissors_279.png,scissors
archive\scissors\scissors_246.png,scissors
archive\paper\paper_417.png,paper
archive\paper\paper_133.png,paper
archive\paper\paper_250.png,paper
archive\rock\rock_885.png,rock
archive\scissors\scissors_482.png,scissors
archive\scissors\scissors_778.png,scissors
archive\rock\rock_15.png,rock
archive\paper\paper_187.png,paper
archive\rock\rock_533.png,rock
archive\rock\rock_285.png,rock
archive\paper\paper_68.png,paper
archive\rock\rock_86.png,rock
archive\rock\rock_97.png,rock
archive\paper\paper_259.png,paper
archive\scissors\scissors_76.png,scissors
archive\rock\rock_566.png,rock
archive\rock\rock_555.png,rock
archive\rock\rock_687.png,rock
archive\scissors\scissors_830.png,scissors
archive\scissors\scissors_644.png,scissors
archive\rock\rock_343.png,rock
archive\scissors\scissors_681.png,scissors
archive\scissors\scissors_592.png,scissors
archive\paper\paper_600.png,paper
archive\paper\paper_42.png,paper
archive\scissors\scissors_653.png,scissors
archive\paper\paper_439.png,paper
archive\scissors\scissors_29.png,scissors
archive\rock\rock_309.png,rock
archive\rock\rock_517.png,rock
archive\scissors\scissors_48.png,scissors
archive\rock\rock_325.png,rock
archive\rock\rock_774.png,rock
archive\paper\paper_871.png,paper
archive\scissors\scissors_806.png,scissors
archive\paper\paper_137.png,paper
archive\scissors\scissors_162.png,scissors
archive\paper\paper_781.png,paper
archive\rock\rock_236.png,rock
archive\paper\paper_687.png,paper
archive\paper\paper_247.png,paper
archive\rock\rock_596.png,rock
archive\paper\paper_633.png,paper
archive\rock\rock_349.png,rock
archive\scissors\scissors_448.png,scissors
archive\paper\paper_826.png,paper
archive\scissors\scissors_822.png,scissors
archive\rock\rock_702.png,rock
archive\scissors\scissors_818.png,scissors
archive\rock\rock_233.png,rock
archive\scissors\scissors_837.png,scissors
archive\scissors\scissors_49.png,scissors
archive\paper\paper_602.png,paper
archive\rock\rock_354.png,rock
archive\scissors\scissors_499.png,scissors
archive\rock\rock_618.png,rock
archive\paper\paper_98.png,paper
archive\paper\paper_767.png,paper
archive\rock\rock_308.png,rock
archive\paper\paper_533.png,paper
archive\rock\rock_709.png,rock
archive\scissors\scissors_240.png,scissors
archive\rock\rock_665.png,rock
archive\scissors\scissors_545.png,scissors
archive\paper\paper_371.png,paper
archive\rock\rock_499.png,rock
archive\paper\paper_504.png,paper
archive\scissors\scissors_515.png,scissors
archive\scissors\scissors_611.png,scissors
archive\paper\paper_638.png,paper
archive\paper\paper_226.png,paper
archive\paper\paper_415.png,paper
archive\rock\rock_416.png,rock
archive\rock\rock_472.png,rock
archive\scissors\scissors_138.png,scissors
archive\scissors\scissors_478.png,scissors
archive\paper\paper_570.png,paper
archive\paper\paper_585.png,paper
archive\paper\paper_738.png,paper
archive\paper\paper_755.png,paper
archive\scissors\scissors_155.png,scissors
archive\scissors\scissors_447.png,scissors
archive\scissors\scissors_697.png,scissors
archive\rock\rock_138.png,rock
archive\paper\paper_134.png,paper
archive\scissors\scissors_655.png,scissors
archive\scissors\scissors_183.png,scissors
archive\paper\paper_298.png,paper
archive\scissors\scissors_766.png,scissors
archive\paper\paper_537.png,paper
archive\paper\paper_653.png,paper
archive\scissors\scissors_386.png,scissors
archive\rock\rock_785.png,rock
archive\paper\paper_573.png,paper
archive\scissors\scissors_469.png,scissors
archive\scissors\scissors_786.png,scissors
archive\paper\paper_599.png,paper
archive\rock\rock_42.png,rock
archive\rock\rock_220.png,rock
archive\paper\paper_279.png,paper
archive\rock\rock_619.png,rock
archive\rock\rock_281.png,rock
archive\paper\paper_414.png,paper
archive\scissors\scissors_670.png,scissors
archive\scissors\scissors_728.png,scissors
archive\paper\paper_867.png,paper
archive\paper\paper_699.png,paper
archive\paper\paper_124.png,paper
archive\rock\rock_319.png,rock
archive\scissors\scissors_569.png,scissors
archive\paper\paper_29.png,paper
archive\paper\paper_108.png,paper
archive\rock\rock_403.png,rock
archive\paper\paper_584.png,paper
archive\scissors\scissors_627.png,scissors
archive\paper\paper_197.png,paper
archive\scissors\scissors_887.png,scissors
archive\rock\rock_516.png,rock
archive\rock\rock_667.png,rock
archive\paper\paper_401.png,paper
archive\rock\rock_10.png,rock
archive\paper\paper_173.png,paper
archive\scissors\scissors_819.png,scissors
archive\rock\rock_261.png,rock
archive\scissors\scissors_565.png,scissors
archive\paper\paper_611.png,paper
archive\rock\rock_345.png,rock
archive\paper\paper_398.png,paper
archive\scissors\scissors_489.png,scissors
archive\scissors\scissors_530.png,scissors
archive\paper\paper_774.png,paper
archive\paper\paper_217.png,paper
archive\rock\rock_668.png,rock
archive\rock\rock_811.png,rock
archive\scissors\scissors_310.png,scissors
archive\scissors\scissors_636.png,scissors
archive\paper\paper_30.png,paper
archive\scissors\scissors_267.png,scissors
archive\paper\paper_866.png,paper
archive\scissors\scissors_497.png,scissors
archive\scissors\scissors_848.png,scissors
archive\scissors\scissors_641.png,scissors
archive\rock\rock_474.png,rock
archive\scissors\scissors_451.png,scissors
archive\paper\paper_855.png,paper
archive\rock\rock_14.png,rock
archive\rock\rock_54.png,rock
archive\scissors\scissors_102.png,scissors
archive\rock\rock_731.png,rock
archive\scissors\scissors_894.png,scissors
archive\paper\paper_778.png,paper
archive\scissors\scissors_106.png,scissors
archive\rock\rock_31.png,rock
archive\paper\paper_17.png,paper
archive\scissors\scissors_579.png,scissors
archive\rock\rock_324.png,rock
archive\rock\rock_611.png,rock
archive\scissors\scissors_120.png,scissors
archive\paper\paper_844.png,paper
archive\scissors\scissors_79.png,scissors
archive\scissors\scissors_346.png,scissors
archive\scissors\scissors_542.png,scissors
archive\rock\rock_824.png,rock
archive\paper\paper_532.png,paper
archive\paper\paper_538.png,paper
archive\paper\paper_321.png,paper
archive\scissors\scissors_353.png,scissors
archive\rock\rock_207.png,rock
archive\rock\rock_201.png,rock
archive\scissors\scissors_710.png,scissors
archive\paper\paper_229.png,paper
archive\paper\paper_289.png,paper
archive\rock\rock_266.png,rock
archive\paper\paper_463.png,paper
archive\paper\paper_166.png,paper
archive\scissors\scissors_95.png,scissors
archive\rock\rock_196.png,rock
archive\paper\paper_255.png,paper
archive\rock\rock_296.png,rock
archive\paper\paper_222.png,paper
archive\scissors\scissors_807.png,scissors
archive\rock\rock_429.png,rock
archive\scissors\scissors_350.png,scissors
archive\rock\rock_779.png,rock
archive\rock\rock_211.png,rock
archive\scissors\scissors_857.png,scissors
archive\paper\paper_97.png,paper
archive\scissors\scissors_772.png,scissors
archive\scissors\scissors_573.png,scissors
archive\scissors\scissors_490.png,scissors
archive\rock\rock_407.png,rock
archive\scissors\scissors_98.png,scissors
archive\rock\rock_271.png,rock
archive\rock\rock_815.png,rock
archive\rock\rock_562.png,rock
archive\rock\rock_801.png,rock
archive\paper\paper_430.png,paper
archive\scissors\scissors_19.png,scissors
archive\scissors\scissors_600.png,scissors
archive\paper\paper_71.png,paper
archive\rock\rock_415.png,rock
archive\paper\paper_765.png,paper
archive\scissors\scissors_314.png,scissors
archive\scissors\scissors_749.png,scissors
archive\scissors\scissors_754.png,scissors
archive\paper\paper_16.png,paper
archive\scissors\scissors_220.png,scissors
archive\scissors\scissors_125.png,scissors
archive\paper\paper_489.png,paper
archive\rock\rock_45.png,rock
archive\scissors\scissors_47.png,scissors
archive\rock\rock_544.png,rock
archive\rock\rock_417.png,rock
archive\rock\rock_464.png,rock
archive\rock\rock_719.png,rock
archive\scissors\scissors_783.png,scissors
archive\paper\paper_503.png,paper
archive\rock\rock_723.png,rock
archive\rock\rock_631.png,rock
archive\paper\paper_540.png,paper
archive\scissors\scissors_842.png,scissors
archive\paper\paper_423.png,paper
archive\paper\paper_152.png,paper
archive\paper\paper_162.png,paper
archive\scissors\scissors_528.png,scissors
archive\rock\rock_96.png,rock
archive\scissors\scissors_399.png,scissors
archive\scissors\scissors_368.png,scissors
archive\rock\rock_454.png,rock
archive\rock\rock_656.png,rock
archive\rock\rock_710.png,rock
archive\scissors\scissors_359.png,scissors
archive\paper\paper_278.png,paper
archive\rock\rock_245.png,rock
archive\rock\rock_654.png,rock
archive\scissors\scissors_608.png,scissors
archive\rock\rock_599.png,rock
archive\scissors\scissors_41.png,scissors
archive\rock\rock_661.png,rock
archive\paper\paper_418.png,paper
archive\rock\rock_714.png,rock
archive\scissors\scissors_300.png,scissors
archive\rock\rock_462.png,rock
archive\rock\rock_523.png,rock
archive\paper\paper_816.png,paper
archive\scissors\scissors_223.png,scissors
archive\paper\paper_75.png,paper
archive\rock\rock_775.png,rock
archive\paper\paper_482.png,paper
archive\rock\rock_322.png,rock
archive\paper\paper_303.png,paper
archive\paper\paper_420.png,paper
archive\rock\rock_156.png,rock
archive\scissors\scissors_108.png,scissors
archive\rock\rock_79.png,rock
archive\rock\rock_428.png,rock
archive\scissors\scissors_14.png,scissors
archive\rock\rock_60.png,rock
archive\scissors\scissors_890.png,scissors
archive\paper\paper_104.png,paper
archive\rock\rock_546.png,rock
archive\paper\paper_817.png,paper
archive\rock\rock_157.png,rock
archive\scissors\scissors_334.png,scissors
archive\scissors\scissors_787.png,scissors
archive\paper\paper_853.png,paper
archive\rock\rock_91.png,rock
archive\scissors\scissors_486.png,scissors
archive\scissors\scissors_457.png,scissors
archive\scissors\scissors_77.png,scissors
archive\scissors\scissors_903.png,scissors
archive\paper\paper_579.png,paper
archive\paper\paper_862.png,paper
archive\paper\paper_58.png,paper
archive\scissors\scissors_588.png,scissors
archive\scissors\scissors_780.png,scissors
archive\rock\rock_705.png,rock
archive\paper\paper_406.png,paper
archive\scissors\scissors_791.png,scissors
archive\rock\rock_503.png,rock
archive\scissors\scissors_554.png,scissors
archive\scissors\scissors_549.png,scissors
archive\rock\rock_421.png,rock
archive\paper\paper_830.png,paper
archive\scissors\scissors_206.png,scissors
archive\paper\paper_196.png,paper
archive\scissors\scissors_172.png,scissors
archive\rock\rock_534.png,rock
archive\rock\rock_553.png,rock
archive\rock\rock_53.png,rock
archive\rock\rock_832.png,rock
archive\scissors\scissors_281.png,scissors
archive\rock\rock_372.png,rock
archive\paper\paper_671.png,paper
archive\paper\paper_645.png,paper
archive\paper\paper_251.png,paper
archive\rock\rock_401.png,rock
archive\scissors\scissors_561.png,scissors
archive\rock\rock_518.png,rock
archive\scissors\scissors_271.png,scissors
archive\rock\rock_452.png,rock
archive\scissors\scissors_693.png,scissors
archive\scissors\scissors_171.png,scissors
archive\scissors\scissors_637.png,scissors
archive\scissors\scissors_523.png,scissors
archive\paper\paper_850.png,paper
archive\rock\rock_7.png,rock
archive\scissors\scissors_816.png,scissors
archive\scissors\scissors_520.png,scissors
archive\rock\rock_625.png,rock
archive\paper\paper_63.png,paper
archive\scissors\scissors_732.png,scissors
archive\scissors\scissors_902.png,scissors
archive\paper\paper_567.png,paper
archive\paper\paper_865.png,paper
archive\rock\rock_519.png,rock
archive\paper\paper_819.png,paper
archive\scissors\scissors_731.png,scissors
archive\rock\rock_558.png,rock
archive\scissors\scissors_856.png,scissors
archive\scissors\scissors_867.png,scissors
archive\scissors\scissors_711.png,scissors
archive\paper\paper_148.png,paper
archive\rock\rock_240.png,rock
archive\paper\paper_207.png,paper
archive\scissors\scissors_865.png,scissors
archive\paper\paper_849.png,paper
archive\paper\paper_241.png,paper
archive\rock\rock_576.png,rock
archive\paper\paper_575.png,paper
archive\scissors\scissors_880.png,scissors
archive\paper\paper_544.png,paper
archive\paper\paper_722.png,paper
archive\rock\rock_570.png,rock
archive\paper\paper_387.png,paper
archive\paper\paper_872.png,paper
archive\scissors\scissors_287.png,scissors
archive\scissors\scissors_736.png,scissors
archive\rock\rock_34.png,rock
archive\scissors\scissors_767.png,scissors
archive\scissors\scissors_428.png,scissors
archive\paper\paper_746.png,paper
archive\rock\rock_612.png,rock
archive\scissors\scissors_785.png,scissors
archive\scissors\scissors_252.png,scissors
archive\paper\paper_716.png,paper
archive\paper\paper_328.png,paper
archive\rock\rock_666.png,rock
archive\rock\rock_590.png,rock
archive\scissors\scissors_855.png,scissors
archive\rock\rock_681.png,rock
archive\paper\paper_906.png,paper
archive\paper\paper_57.png,paper
archive\rock\rock_627.png,rock
archive\paper\paper_183.png,paper
archive\scissors\scissors_254.png,scissors
archive\scissors\scissors_411.png,scissors
archive\rock\rock_754.png,rock
archive\scissors\scissors_788.png,scissors
archive\paper\paper_577.png,paper
archive\paper\paper_319.png,paper
archive\scissors\scissors_870.png,scissors
archive\scissors\scissors_620.png,scissors
archive\rock\rock_837.png,rock
archive\paper\paper_481.png,paper
archive\rock\rock_842.png,rock
archive\paper\paper_711.png,paper
archive\paper\paper_201.png,paper
archive\scissors\scissors_854.png,scissors
archive\scissors\scissors_840.png,scissors
archive\scissors\scissors_81.png,scissors
archive\rock\rock_268.png,rock
archive\paper\paper_534.png,paper
archive\scissors\scissors_163.png,scissors
archive\rock\rock_264.png,rock
archive\scissors\scissors_491.png,scissors
archive\paper\paper_713.png,paper
archive\paper\paper_3.png,paper
archive\scissors\scissors_292.png,scissors
archive\scissors\scissors_165.png,scissors
archive\paper\paper_589.png,paper
archive\paper\paper_556.png,paper
archive\scissors\scissors_395.png,scissors
archive\scissors\scissors_743.png,scissors
archive\rock\rock_13.png,rock
archive\scissors\scissors_63.png,scissors
archive\scissors\scissors_50.png,scissors
archive\rock\rock_328.png,rock
archive\rock\rock_85.png,rock
archive\scissors\scissors_797.png,scissors
archive\scissors\scissors_435.png,scissors
archive\scissors\scissors_84.png,scissors
archive\rock\rock_630.png,rock
archive\paper\paper_167.png,paper
archive\paper\paper_416.png,paper
archive\paper\paper_409.png,paper
archive\rock\rock_435.png,rock
archive\scissors\scissors_452.png,scissors
archive\rock\rock_286.png,rock
archive\scissors\scissors_393.png,scissors
archive\scissors\scissors_216.png,scissors
archive\scissors\scissors_103.png,scissors
archive\scissors\scissors_727.png,scissors
archive\paper\paper_101.png,paper
archive\scissors\scissors_181.png,scissors
archive\rock\rock_513.png,rock
archive\paper\paper_260.png,paper
archive\scissors\scissors_838.png,scissors
archive\scissors\scissors_652.png,scissors
archive\rock\rock_384.png,rock
archive\rock\rock_556.png,rock
archive\paper\paper_80.png,paper
archive\rock\rock_689.png,rock
archive\scissors\scissors_580.png,scissors
archive\rock\rock_864.png,rock
archive\paper\paper_210.png,paper
archive\scissors\scissors_127.png,scissors
archive\paper\paper_450.png,paper
archive\scissors\scissors_492.png,scissors
archive\scissors\scissors_132.png,scissors
archive\scissors\scissors_238.png,scissors
archive\rock\rock_279.png,rock
archive\paper\paper_665.png,paper
archive\rock\rock_276.png,rock
archive\paper\paper_736.png,paper
archive\scissors\scissors_899.png,scissors
archive\paper\paper_40.png,paper
archive\rock\rock_791.png,rock
archive\scissors\scissors_283.png,scissors
archive\paper\paper_26.png,paper
archive\rock\rock_135.png,rock
archive\paper\paper_175.png,paper
archive\rock\rock_411.png,rock
archive\scissors\scissors_794.png,scissors
archive\rock\rock_679.png,rock
archive\rock\rock_274.png,rock
archive\paper\paper_804.png,paper
archive\paper\paper_883.png,paper
archive\scissors\scissors_662.png,scissors
archive\paper\paper_399.png,paper
archive\scissors\scissors_87.png,scissors
archive\paper\paper_115.png,paper
archive\rock\rock_607.png,rock
archive\rock\rock_826.png,rock
archive\rock\rock_537.png,rock
archive\paper\paper_823.png,paper
archive\rock\rock_291.png,rock
archive\scissors\scissors_716.png,scissors
archive\scissors\scissors_25.png,scissors
archive\scissors\scissors_885.png,scissors
archive\rock\rock_164.png,rock
archive\scissors\scissors_290.png,scissors
archive\rock\rock_404.png,rock
archive\rock\rock_636.png,rock
archive\scissors\scissors_22.png,scissors
archive\rock\rock_471.png,rock
archive\rock\rock_749.png,rock
archive\paper\paper_333.png,paper
archive\paper\paper_549.png,paper
archive\paper\paper_258.png,paper
archive\scissors\scissors_586.png,scissors
archive\rock\rock_161.png,rock
archive\paper\paper_232.png,paper
archive\rock\rock_81.png,rock
archive\scissors\scissors_39.png,scissors
archive\scissors\scissors_329.png,scissors
archive\scissors\scissors_472.png,scissors
archive\rock\rock_638.png,rock
archive\paper\paper_344.png,paper
archive\scissors\scissors_730.png,scissors
archive\paper\paper_149.png,paper
archive\rock\rock_515.png,rock
archive\rock\rock_381.png,rock
archive\paper\paper_502.png,paper
archive\rock\rock_541.png,rock
archive\paper\paper_691.png,paper
archive\paper\paper_356.png,paper
archive\paper\paper_378.png,paper
archive\paper\paper_880.png,paper
archive\paper\paper_334.png,paper
archive\scissors\scissors_656.png,scissors
archive\paper\paper_837.png,paper
archive\paper\paper_444.png,paper
archive\rock\rock_891.png,rock
archive\scissors\scissors_224.png,scissors
archive\paper\paper_590.png,paper
archive\rock\rock_424.png,rock
archive\paper\paper_459.png,paper
archive\scissors\scissors_555.png,scissors
archive\paper\paper_724.png,paper
archive\paper\paper_282.png,paper
archive\paper\paper_145.png,paper
archive\paper\paper_564.png,paper
archive\rock\rock_902.png,rock
archive\scissors\scissors_217.png,scissors
archive\paper\paper_304.png,paper
archive\rock\rock_165.png,rock
archive\paper\paper_698.png,paper
archive\rock\rock_346.png,rock
archive\scissors\scissors_764.png,scissors
archive\scissors\scissors_895.png,scissors
archive\scissors\scissors_585.png,scissors
archive\rock\rock_648.png,rock
archive\paper\paper_340.png,paper
archive\scissors\scissors_647.png,scissors
archive\rock\rock_122.png,rock
archive\scissors\scissors_60.png,scissors
archive\paper\paper_900.png,paper
archive\scissors\scissors_598.png,scissors
archive\rock\rock_213.png,rock
archive\paper\paper_93.png,paper
archive\scissors\scissors_154.png,scissors
archive\rock\rock_363.png,rock
archive\scissors\scissors_31.png,scissors
archive\paper\paper_499.png,paper
archive\rock\rock_829.png,rock
archive\paper\paper_785.png,paper
archive\scissors\scissors_302.png,scissors
archive\paper\paper_593.png,paper
archive\paper\paper_847.png,paper
archive\scissors\scissors_798.png,scissors
archive\rock\rock_193.png,rock
archive\scissors\scissors_201.png,scissors
archive\paper\paper_199.png,paper
archive\rock\rock_209.png,rock
archive\rock\rock_442.png,rock
archive\paper\paper_136.png,paper
archive\scissors\scissors_599.png,scissors
archive\paper\paper_262.png,paper
archive\paper\paper_211.png,paper
archive\scissors\scissors_320.png,scissors
archive\rock\rock_493.png,rock
archive\rock\rock_257.png,rock
archive\scissors\scissors_514.png,scissors
archive\paper\paper_630.png,paper
archive\scissors\scissors_62.png,scissors
archive\scissors\scissors_714.png,scissors
archive\rock\rock_283.png,rock
archive\rock\rock_836.png,rock
archive\rock\rock_897.png,rock
archive\scissors\scissors_365.png,scissors
archive\rock\rock_151.png,rock
archive\paper\paper_395.png,paper
archive\rock\rock_190.png,rock
archive\paper\paper_180.png,paper
archive\scissors\scissors_396.png,scissors
archive\rock\rock_340.png,rock
archive\rock\rock_338.png,rock
archive\paper\paper_360.png,paper
archive\rock\rock_557.png,rock
archive\rock\rock_282.png,rock
archive\paper\paper_709.png,paper
archive\scissors\scissors_72.png,scissors
archive\rock\rock_466.png,rock
archive\paper\paper_583.png,paper
archive\paper\paper_475.png,paper
archive\scissors\scissors_799.png,scissors
archive\rock\rock_729.png,rock
archive\rock\rock_402.png,rock
archive\paper\paper_413.png,paper
archive\scissors\scissors_331.png,scissors
archive\scissors\scissors_388.png,scissors
archive\rock\rock_443.png,rock
archive\rock\rock_33.png,rock
archive\rock\rock_265.png,rock
archive\paper\paper_330.png,paper
archive\paper\paper_536.png,paper
archive\scissors\scissors_53.png,scissors
archive\scissors\scissors_884.png,scissors
archive\scissors\scissors_548.png,scissors
archive\paper\paper_361.png,paper
archive\scissors\scissors_516.png,scissors
archive\rock\rock_881.png,rock
archive\paper\paper_82.png,paper
archive\rock\rock_620.png,rock
archive\paper\paper_623.png,paper
archive\scissors\scissors_370.png,scissors
archive\rock\rock_741.png,rock
archive\scissors\scissors_11.png,scissors
archive\paper\paper_759.png,paper
archive\scissors\scissors_86.png,scissors
archive\paper\paper_38.png,paper
archive\paper\paper_507.png,paper
archive\paper\paper_373.png,paper
archive\paper\paper_825.png,paper
archive\rock\rock_696.png,rock
archive\rock\rock_163.png,rock
archive\rock\rock_49.png,rock
archive\paper\paper_881.png,paper
archive\paper\paper_655.png,paper
archive\paper\paper_172.png,paper
archive\paper\paper_160.png,paper
archive\rock\rock_197.png,rock
archive\scissors\scissors_145.png,scissors
archive\paper\paper_612.png,paper
archive\rock\rock_882.png,rock
archive\paper\paper_150.png,paper
archive\scissors\scissors_313.png,scissors
archive\paper\paper_520.png,paper
archive\rock\rock_726.png,rock
archive\rock\rock_17.png,rock
archive\scissors\scissors_322.png,scissors
archive\scissors\scissors_305.png,scissors
archive\rock\rock_154.png,rock
archive\rock\rock_827.png,rock
archive\rock\rock_116.png,rock
archive\paper\paper_780.png,paper
archive\scissors\scissors_658.png,scissors
archive\scissors\scissors_634.png,scissors
archive\paper\paper_254.png,paper
archive\rock\rock_88.png,rock
archive\scissors\scissors_153.png,scissors
archive\scissors\scissors_197.png,scissors
archive\paper\paper_658.png,paper
archive\scissors\scissors_44.png,scissors
archive\scissors\scissors_571.png,scissors
archive\paper\paper_293.png,paper
archive\rock\rock_400.png,rock
archive\rock\rock_658.png,rock
archive\paper\paper_205.png,paper
archive\scissors\scissors_68.png,scissors
archive\paper\paper_569.png,paper
archive\scissors\scissors_273.png,scissors
archive\rock\rock_802.png,rock
archive\scissors\scissors_412.png,scissors
archive\scissors\scissors_756.png,scissors
archive\scissors\scissors_464.png,scissors
archive\rock\rock_831.png,rock
archive\scissors\scissors_892.png,scissors
archive\scissors\scissors_356.png,scissors
archive\paper\paper_269.png,paper
archive\scissors\scissors_330.png,scissors
archive\rock\rock_176.png,rock
archive\paper\paper_831.png,paper
archive\rock\rock_198.png,rock
archive\paper\paper_55.png,paper
archive\rock\rock_524.png,rock
archive\scissors\scissors_17.png,scissors
archive\rock\rock_297.png,rock
archive\rock\rock_307.png,rock
archive\rock\rock_602.png,rock
archive\scissors\scissors_52.png,scissors
archive\paper\paper_454.png,paper
archive\paper\paper_256.png,paper
archive\paper\paper_859.png,paper
archive\scissors\scissors_404.png,scissors
archive\rock\rock_75.png,rock
archive\scissors\scissors_481.png,scissors
archive\scissors\scissors_85.png,scissors
archive\paper\paper_529.png,paper
archive\rock\rock_614.png,rock
archive\rock\rock_733.png,rock
archive\scissors\scissors_140.png,scissors
archive\rock\rock_457.png,rock
archive\scissors\scissors_624.png,scissors
archive\rock\rock_739.png,rock
archive\rock\rock_872.png,rock
archive\rock\rock_647.png,rock
archive\paper\paper_358.png,paper
archive\paper\paper_246.png,paper
archive\scissors\scissors_594.png,scissors
archive\rock\rock_777.png,rock
archive\paper\paper_290.png,paper
archive\scissors\scissors_344.png,scissors
archive\rock\rock_202.png,rock
archive\rock\rock_433.png,rock
archive\rock\rock_467.png,rock
archive\rock\rock_267.png,rock
archive\scissors\scissors_850.png,scissors
archive\scissors\scissors_139.png,scissors
archive\paper\paper_362.png,paper
archive\rock\rock_874.png,rock
archive\paper\paper_386.png,paper
archive\paper\paper_566.png,paper
archive\paper\paper_832.png,paper
archive\paper\paper_725.png,paper
archive\rock\rock_571.png,rock
archive\paper\paper_109.png,paper
archive\rock\rock_315.png,rock
archive\rock\rock_141.png,rock
archive\paper\paper_184.png,paper
archive\scissors\scissors_897.png,scissors
archive\paper\paper_313.png,paper
archive\rock\rock_414.png,rock
archive\rock\rock_347.png,rock
archive\scissors\scissors_88.png,scissors
archive\scissors\scissors_558.png,scissors
archive\paper\paper_550.png,paper
archive\rock\rock_399.png,rock
archive\rock\rock_482.png,rock
archive\rock\rock_458.png,rock
archive\scissors\scissors_845.png,scissors
archive\paper\paper_346.png,paper
archive\paper\paper_483.png,paper
archive\scissors\scissors_289.png,scissors
archive\paper\paper_35.png,paper
archive\paper\paper_78.png,paper
archive\paper\paper_338.png,paper
archive\paper\paper_219.png,paper
archive\paper\paper_624.png,paper
archive\rock\rock_181.png,rock
archive\paper\paper_165.png,paper
archive\rock\rock_605.png,rock
archive\scissors\scissors_864.png,scissors
archive\scissors\scissors_361.png,scissors
archive\paper\paper_18.png,paper
archive\rock\rock_305.png,rock
archive\scissors\scissors_126.png,scissors
archive\rock\rock_117.png,rock
archive\rock\rock_250.png,rock
archive\paper\paper_239.png,paper
archive\rock\rock_38.png,rock
archive\scissors\scissors_401.png,scissors
archive\rock\rock_587.png,rock
archive\scissors\scissors_664.png,scissors
archive\paper\paper_248.png,paper
archive\paper\paper_490.png,paper
archive\rock\rock_100.png,rock
archive\rock\rock_453.png,rock
archive\paper\paper_224.png,paper
archive\rock\rock_597.png,rock
archive\rock\rock_58.png,rock
archive\scissors\scissors_263.png,scissors
archive\rock\rock_606.png,rock
archive\rock\rock_183.png,rock
archive\rock\rock_796.png,rock
archive\paper\paper_741.png,paper
archive\paper\paper_426.png,paper
archive\rock\rock_65.png,rock
archive\paper\paper_8.png,paper
archive\paper\paper_796.png,paper
archive\rock\rock_461.png,rock
archive\scissors\scissors_687.png,scissors
archive\paper\paper_858.png,paper
archive\scissors\scissors_58.png,scissors
archive\paper\paper_744.png,paper
archive\paper\paper_443.png,paper
archive\paper\paper_396.png,paper
archive\paper\paper_617.png,paper
archive\rock\rock_701.png,rock
archive\rock\rock_649.png,rock
archive\paper\paper_543.png,paper
archive\rock\rock_405.png,rock
archive\rock\rock_29.png,rock
archive\scissors\scissors_650.png,scissors
archive\paper\paper_505.png,paper
archive\rock\rock_828.png,rock
archive\scissors\scissors_744.png,scissors
archive\rock\rock_860.png,rock
archive\paper\paper_488.png,paper
archive\scissors\scissors_871.png,scissors
archive\paper\paper_168.png,paper
archive\scissors\scissors_92.png,scissors
archive\scissors\scissors_255.png,scissors
archive\rock\rock_311.png,rock
archive\scissors\scissors_721.png,scissors
archive\paper\paper_291.png,paper
archive\scissors\scissors_706.png,scissors
archive\rock\rock_703.png,rock
archive\rock\rock_376.png,rock
archive\paper\paper_474.png,paper
archive\scissors\scissors_868.png,scissors
archive\rock\rock_170.png,rock
archive\paper\paper_388.png,paper
archive\paper\paper_90.png,paper
archive\paper\paper_391.png,paper
archive\paper\paper_156.png,paper
archive\rock\rock_838.png,rock
archive\paper\paper_700.png,paper
archive\scissors\scissors_660.png,scissors
archive\rock\rock_368.png,rock
archive\rock\rock_158.png,rock
archive\paper\paper_161.png,paper
archive\rock\rock_32.png,rock
archive\rock\rock_604.png,rock
archive\paper\paper_574.png,paper
archive\rock\rock_98.png,rock
archive\paper\paper_705.png,paper
archive\rock\rock_662.png,rock
archive\rock\rock_335.png,rock
archive\scissors\scissors_101.png,scissors
archive\paper\paper_288.png,paper
archive\paper\paper_107.png,paper
archive\paper\paper_265.png,paper
archive\paper\paper_676.png,paper
archive\rock\rock_736.png,rock
archive\paper\paper_200.png,paper
archive\paper\paper_625.png,paper
archive\rock\rock_624.png,rock
archive\scissors\scissors_345.png,scissors
archive\scissors\scissors_519.png,scissors
archive\paper\paper_368.png,paper
archive\paper\paper_441.png,paper
archive\paper\paper_314.png,paper
archive\scissors\scissors_150.png,scissors
archive\paper\paper_43.png,paper
archive\rock\rock_623.png,rock
archive\paper\paper_686.png,paper
archive\scissors\scissors_692.png,scissors
archive\paper\paper_276.png,paper
archive\rock\rock_538.png,rock
archive\scissors\scissors_463.png,scissors
archive\scissors\scissors_166.png,scissors
archive\scissors\scissors_178.png,scissors
archive\rock\rock_337.png,rock
archive\scissors\scissors_740.png,scissors
archive\rock\rock_712.png,rock
archive\scissors\scissors_683.png,scissors
archive\scissors\scissors_343.png,scissors
archive\rock\rock_383.png,rock
archive\paper\paper_366.png,paper
archive\scissors\scissors_422.png,scissors
archive\scissors\scissors_51.png,scissors
archive\rock\rock_904.png,rock
archive\paper\paper_496.png,paper
archive\rock\rock_326.png,rock
archive\scissors\scissors_28.png,scissors
archive\rock\rock_447.png,rock
archive\rock\rock_5.png,rock
archive\paper\paper_770.png,paper
archive\scissors\scissors_814.png,scissors
archive\scissors\scissors_487.png,scissors
archive\rock\rock_752.png,rock
archive\rock\rock_249.png,rock
archive\paper\paper_596.png,paper
archive\scissors\scissors_506.png,scissors
archive\paper\paper_393.png,paper
archive\rock\rock_251.png,rock
archive\scissors\scissors_753.png,scissors
archive\scissors\scissors_113.png,scissors
archive\paper\paper_33.png,paper
archive\rock\rock_506.png,rock
archive\rock\rock_434.png,rock
archive\scissors\scissors_170.png,scissors
archive\rock\rock_344.png,rock
archive\rock\rock_152.png,rock
archive\rock\rock_814.png,rock
archive\rock\rock_216.png,rock
archive\scissors\scissors_71.png,scissors
archive\scissors\scissors_202.png,scissors
archive\paper\paper_769.png,paper
archive\scissors\scissors_268.png,scissors
archive\rock\rock_545.png,rock
archive\scissors\scissors_755.png,scissors
archive\rock\rock_21.png,rock
archive\rock\rock_167.png,rock
archive\scissors\scissors_26.png,scissors
archive\rock\rock_149.png,rock
archive\rock\rock_548.png,rock
archive\rock\rock_473.png,rock
archive\rock\rock_323.png,rock
archive\scissors\scissors_811.png,scissors
archive\rock\rock_284.png,rock
archive\rock\rock_312.png,rock
archive\scissors\scissors_803.png,scissors
archive\scissors\scissors_7.png,scissors
archive\paper\paper_810.png,paper
archive\paper\paper_170.png,paper
archive\rock\rock_839.png,rock
archive\scissors\scissors_466.png,scissors
archive\rock\rock_362.png,rock
archive\paper\paper_422.png,paper
archive\scissors\scissors_843.png,scissors
archive\rock\rock_408.png,rock
archive\rock\rock_494.png,rock
archive\scissors\scissors_97.png,scissors
archive\rock\rock_737.png,rock
archive\scissors\scissors_602.png,scissors
archive\rock\rock_728.png,rock
archive\rock\rock_173.png,rock
archive\rock\rock_143.png,rock
archive\paper\paper_7.png,paper
